{
    "id": 2,
    "title": "Детская стоматология",
    "workTitle": [
        {
            "id": 1,
            "name": "Постановка световой пломбы из композита",
            "workDescription": [
                {
                    "id": 1,
                    "name": "Постановка пломбы из композита светогового отверждения на одну поверхность зуба",
                    "price": 3000
                },
                {
                    "id": 2,
                    "name": "Постановка пломбы из композита светогового отверждения на две поверхности зуба",
                    "price": 3000
                }
            ]
        },
        {
            "id": 2,
            "name": "Постановка световой пломбы из нанокомпозита",
            "workDescription": [
                {
                    "id": 1,
                    "name": "Постановка пломбы из нанокомпозита светогового отверждения на одну поверхность зуба",
                    "price": 3000
                },
                {
                    "id": 2,
                    "name": "Постановка пломбы из нанокомпозита светогового отверждения на две поверхности зуба",
                    "price": 3000
                }
            ]
        }
    ]
}
